{
  "neutral_trunk_angle": 167.87500000000003,
  "right_min_angle": 27.127777777777776,
  "right_max_angle": 167.35263157894738,
  "left_min_angle": 18.789473684210527,
  "left_max_angle": 168.59473684210525,
  "vertical_tolerance": 20,
  "trunk_tolerance": 22.12499999999997,
  "calibrated": true,
  "calibration_date": "2026-01-18T18:24:34.876777"
}