{
  "neutral_trunk_angle": 170.665,
  "right_min_angle": 15.83157894736842,
  "right_max_angle": 163.7105263157895,
  "left_min_angle": 19.442105263157895,
  "left_max_angle": 165.88421052631583,
  "vertical_tolerance": 20,
  "trunk_tolerance": 20,
  "overhead_start_angle": 100.15,
  "overhead_top_angle": 163.39473684210526,
  "overhead_start_wrist_y": 0.371,
  "overhead_top_wrist_y": 0.226,
  "overhead_arm_sync_tolerance": 25.6,
  "overhead_trunk_tolerance": 24.099999999999994,
  "calibrated": true,
  "calibration_date": "2026-01-19T16:44:56.348532"
}