{
  "neutral_trunk_angle": 164.1,
  "right_min_angle": 21.13157894736842,
  "right_max_angle": 166.71052631578945,
  "left_min_angle": 17.184210526315788,
  "left_max_angle": 165.79999999999995,
  "vertical_tolerance": 20,
  "trunk_tolerance": 25.900000000000006,
  "overhead_start_angle": 82.67368421052632,
  "overhead_top_angle": 164.0,
  "overhead_start_wrist_y": 0.35150000000000003,
  "overhead_top_wrist_y": 0.174,
  "overhead_arm_sync_tolerance": 19.4,
  "overhead_trunk_tolerance": 25.900000000000006,
  "calibrated": true,
  "calibration_date": "2026-01-18T22:01:38.958816"
}