{
  "neutral_trunk_angle": 172.83157894736843,
  "right_min_angle": 18.468421052631577,
  "right_max_angle": 168.16842105263157,
  "left_min_angle": 18.178947368421053,
  "left_max_angle": 166.61052631578946,
  "vertical_tolerance": 20,
  "trunk_tolerance": 20,
  "overhead_start_angle": 91.58947368421052,
  "overhead_top_angle": 162.06111111111107,
  "overhead_start_wrist_y": 0.2825,
  "overhead_top_wrist_y": 0.112,
  "overhead_arm_sync_tolerance": 17.1,
  "overhead_trunk_tolerance": 15,
  "calibrated": true,
  "calibration_date": "2026-01-18T22:13:52.229056"
}