{
  "neutral_trunk_angle": 185.18500000000003,
  "right_min_angle": 25.842105263157894,
  "right_max_angle": 163.43157894736842,
  "left_min_angle": 24.357894736842105,
  "left_max_angle": 162.12105263157895,
  "vertical_tolerance": 20,
  "trunk_tolerance": 20,
  "calibrated": true,
  "calibration_date": "2026-01-11T13:16:19.903604"
}