{
  "neutral_trunk_angle": 166.79,
  "right_min_angle": 16.4,
  "right_max_angle": 168.54736842105262,
  "left_min_angle": 21.41111111111111,
  "left_max_angle": 167.95263157894735,
  "vertical_tolerance": 20,
  "trunk_tolerance": 23.210000000000008,
  "calibrated": true,
  "calibration_date": "2026-01-18T17:02:02.207102"
}